price,area,bedrooms,bathrooms,stories,mainroad,guestroom,basement,hotwaterheating,airconditioning,parking,prefarea,furnishingstatus,in_urban_areas
42000.0,2145,3.0,1.0,3.0,yes,no,no,,no,1.0,yes,unfurnished,Yes
122500.0,8960,4.0,4.0,4.0,yes,no,no,no,yes,3.0,no,furnished,Yes
49000.0,2970,-51.816138966744944,1.0,3.0,yes,no,no,no,no,0.0,no,semi-furnished,Yes
44030.0,4880,3.0,1.0,1.0,yes,no,no,no,no,2.0,yes,unfurnished,Yes
28700.0,3040,2.0,1.0,1.0,no,no,no,no,no,0.0,no,unfurnished,Yes
42770.0,3400,3.0,1.0,2.0,yes,no,yes,no,no,2.0,yes,semi-furnished,Yes
45850.0,4000,3.0,1.0,2.0,yes,no,no,no,no,1.0,no,furnished,Yes
64750.0,7410,3.0,1.0,1.0,yes,yes,yes,no,yes,2.0,yes,unfurnished,Yes
98000.0,5750,3.0,2.0,4.0,yes,yes,no,no,yes,1.0,yes,unfurnished,Yes
45850.0,3840,3.0,1.0,2.0,yes,no,no,no,no,1.0,yes,semi-furnished,Yes
42000.0,7000,3.0,1.0,1.0,,no,no,no,no,3.0,no,furnished,Yes
19600.0,3420,5.0,1.0,2.0,no,no,no,no,no,0.0,no,unfurnished,Yes
30100.0,3750,3.0,1.0,2.0,yes,no,no,no,no,0.0,no,unfurnished,Yes
40600.0,4340,,1.0,1.0,yes,no,no,no,no,0.0,no,,Yes
98700.0,8100,4.0,1.0,2.0,yes,yes,yes,no,yes,2.0,yes,furnished,Yes
26530.0,3185,2.0,1.0,1.0,yes,no,no,no,yes,0.0,,unfurnished,Yes
93100.0,6550,4.0,2.0,2.0,yes,no,no,no,yes,1.0,yes,semi-furnished,Yes
28350.0,,3.0,1.0,2.0,no,no,no,no,no,1.0,no,semi-furnished,Yes
48930.0,3420,4.0,2.0,2.0,yes,no,yes,no,yes,2.0,no,semi-furnished,Yes
35000.0,5900,2.0,,1.0,yes,no,no,no,no,1.0,,furnished,Yes
35700.0,4500,4.0,2.0,2.0,yes,no,yes,no,no,2.0,no,furnished,Yes
44800.0,4510,4.0,1.0,2.0,yes,no,no,no,yes,2.0,,semi-furnished,Yes
46200.0,4160,3.0,1.0,1.0,yes,yes,yes,,yes,0.0,no,unfurnished,Yes
43820.0,4950,4.0,1.0,2.0,yes,no,no,no,yes,0.0,no,semi-furnished,Yes
29400.0,4960,2.0,1.0,1.0,yes,no,no,no,no,0.0,no,unfurnished,Yes
31290.0,5495,3.0,1.0,1.0,yes,no,yes,no,no,0.0,no,unfurnished,Yes
77000.0,6480,3.0,2.0,4.0,yes,no,no,no,yes,2.0,no,unfurnished,Yes
74200.0,6325,3.0,1.0,4.0,yes,no,no,no,yes,1.0,no,unfurnished,Yes
53200.0,7800,3.0,1.0,1.0,yes,no,yes,no,yes,2.0,yes,unfurnished,Yes
84000.0,8875,3.0,1.0,1.0,yes,no,no,no,no,1.0,no,semi-furnished,Yes
42000.0,4600,3.0,2.0,2.0,yes,no,no,no,yes,1.0,,semi-furnished,Yes
45150.0,9860,3.0,,1.0,yes,no,no,no,no,,no,semi-furnished,Yes
52500.0,,3.0,1.0,1.0,yes,no,no,no,yes,2.0,no,furnished,Yes
70700.0,6240,60.09621786220845,2.0,2.0,yes,no,no,no,yes,1.0,no,furnished,Yes
67900.0,4000,3.0,2.0,2.0,yes,no,yes,no,,0.0,yes,semi-furnished,Yes
43190.0,4032,2.0,1.0,1.0,yes,no,yes,no,no,0.0,no,furnished,Yes
49000.0,5800,2.0,1.0,1.0,yes,yes,yes,no,yes,0.0,no,semi-furnished,Yes
24500.0,3000,2.0,1.0,1.0,yes,no,no,no,no,1.0,no,unfurnished,Yes
44730.0,3162A,3.0,1.0,2.0,yes,no,no,no,yes,1.0,no,furnished,Yes
33950.0,3450,3.0,1.0,1.0,yes,no,yes,no,no,2.0,no,unfurnished,Yes
25200.0,3180,3.0,1.0,1.0,no,no,no,no,no,0.0,no,unfurnished,Yes
51450.0,3410,3.0,1.0,2.0,no,no,no,no,yes,0.0,no,semi-furnished,Yes
39900.0,6480,3.0,1.0,2.0,no,no,no,,yes,1.0,no,semi-furnished,Yes
30100.0,3090,3.0,1.0,2.0,no,no,no,no,no,0.0,no,semi-furnished,Yes
38360.0,3350,-51.816138966744944,1.0,2.0,yes,no,no,no,no,0.0,no,unfurnished,Yes
73430.0,11440,4.0,1.0,2.0,yes,no,yes,no,no,1.0,yes,semi-furnished,Yes
41930.0,8250,3.0,1.0,1.0,yes,no,yes,no,no,3.0,no,semi-furnished,Yes
31500.0,4095,2.0,1.0,,yes,no,no,no,no,2.0,no,semi-furnished,Yes
22400.0,1950,3.0,1.0,1.0,no,no,,yes,no,0.0,no,unfurnished,Yes
54950.0,7980,3.0,1.0,1.0,yes,no,no,no,no,2.0,no,semi-furnished,Yes
44800.0,4040,3.0,1.0,2.0,yes,no,no,no,no,,no,semi-furnished,
86800.0,7155,3.0,2.0,1.0,yes,yes,yes,no,yes,2.0,no,unfurnished,Yes
33600.0,4120,2.0,1.0,2.0,yes,no,no,no,no,-1.9077761297792797,no,unfurnished,Yes
31500.0,3500,2.0,2.7735190860333443,1.0,no,no,yes,no,no,0.0,no,semi-furnished,Yes
44450.0,3750,2.0,1.0,1.0,yes,yes,yes,no,no,0.0,no,semi-furnished,
35000.0,3990,3.0,1.0,2.0,yes,no,no,no,no,0.0,no,,Yes
72100.0,6000,3.0,2.0,4.424907658129611,yes,yes,,no,yes,1.0,no,furnished,Yes
45500.0,3520,3.0,1.0,1.0,yes,no,no,no,no,0.0,yes,semi-furnished,Yes
59500.0,7231,3.0,1.0,2.0,yes,yes,yes,no,yes,0.0,yes,semi-furnished,Yes
59430.0,15600,3.0,1.0,1.0,yes,no,no,no,yes,2.0,no,semi-furnished,Yes
37100.0,3584,2.0,1.0,,yes,no,no,yes,no,0.0,no,semi-furnished,Yes
26600.0,3934,2.0,1.0,,yes,no,no,no,no,,no,unfurnished,Yes
37800.0,4820,3.0,1.0,,yes,,no,no,no,0.0,no,semi-furnished,
29400.0,2700,2.0,1.0,1.0,no,no,,no,no,0.0,no,furnished,Yes
49070.0,,3.0,1.0,2.0,yes,no,no,no,no,1.0,no,furnished,Yes
73500.0,6000,3.0,,2.0,yes,yes,no,no,yes,,no,semi-furnished,Yes
50050.0,8150,3.0,2.0,1.0,yes,yes,yes,no,no,,no,semi-furnished,Yes
30800.0,4960,2.0,1.0,1.0,yes,no,,no,yes,0.0,,unfurnished,Yes
42000.0,5040,3.0,1.0,2.0,yes,no,yes,no,yes,0.0,no,unfurnished,Yes
108500.0,7500,3.0,3.0,-0.7931247123931777,yes,no,,no,yes,2.0,yes,semi-furnished,Yes
32200.0,2684,2.0,1.0,1.0,yes,no,no,,,1.0,no,unfurnished,Yes
78400.0,6360,3.0,2.0,4.0,yes,no,no,no,yes,0.0,yes,furnished,Yes
24080.0,3635,2.0,1.0,1.0,no,no,no,no,no,3.2858951316986653,no,unfurnished,Yes
44730.0,6360,2.0,1.0,,yes,no,yes,,yes,1.0,,furnished,Yes
30100.0,4600,2.0,2.7735190860333443,1.0,,no,no,no,no,0.0,no,furnished,Yes
36400.0,3520,2.0,2.0,1.0,yes,no,yes,no,no,0.0,no,semi-furnished,Yes
27300.0,6800,2.0,1.0,1.0,yes,no,no,,no,0.0,no,unfurnished,Yes
42000.0,5040,3.0,1.0,2.0,yes,no,yes,no,yes,0.0,no,unfurnished,Yes
29400.0,3480,,1.0,2.0,no,no,no,no,no,1.0,no,,Yes
46200.0,5010,3.0,1.0,2.0,yes,no,yes,no,no,0.0,no,semi-furnished,Yes
32900.0,4040,2.0,1.0,1.0,yes,no,no,no,no,0.0,no,unfurnished,Yes
39900.0,4050,,1.0,2.0,yes,yes,yes,no,no,0.0,yes,unfurnished,Yes
58800.0,7160,,1.0,1.0,yes,no,yes,no,no,2.0,yes,unfurnished,Yes
36400.0,4130,,2.0,2.0,yes,no,no,no,no,2.0,no,semi-furnished,Yes
62300.0,5500,3.0,1.0,3.0,yes,no,no,no,no,1.0,yes,unfurnished,Yes
54250.0,6825,3.0,1.0,1.0,yes,yes,yes,no,yes,0.0,yes,semi-furnished,
101500.0,16200,5.0,3.0,2.0,yes,no,no,no,no,0.0,no,unfurnished,Yes
60200.0,8000,,1.0,1.0,yes,yes,yes,no,yes,2.0,yes,semi-furnished,Yes
42000.0,4500,3.0,1.0,1.0,yes,no,yes,no,no,0.0,no,furnished,Yes
73500.0,6000,4.0,2.0,4.0,yes,yes,no,no,yes,1.0,no,furnished,
88550.0,6420,300.0,2.0,2.0,yes,no,no,no,yes,1.0,yes,,Yes
47600.0,9166,2.0,1.0,1.0,yes,no,yes,no,yes,2.0,no,semi-furnished,Yes
32900.0,6060,3.0,1.0,1.0,yes,yes,yes,no,no,0.0,no,furnished,
39200.0,8080,3.0,1.0,1.0,yes,no,no,no,yes,2.0,no,semi-furnished,Yes
68600.0,6000,3.0,1.0,1.0,yes,no,no,no,yes,1.0,no,furnished,Yes
54600.0,6600,4.0,2.0,2.0,yes,yes,yes,no,no,0.0,yes,semi-furnished,Yes
58100.0,5200,3.0,1.0,3.0,yes,no,no,no,yes,0.0,no,semi-furnished,Yes
39200.0,3290,2.0,1.0,1.0,yes,no,no,yes,no,1.0,no,furnished,Yes
35000.0,3600,60.09621786220845,1.0,2.0,yes,no,no,no,no,1.0,no,unfurnished,Yes
30030.0,8050,2.0,1.0,1.0,,no,no,no,no,0.0,no,unfurnished,Yes
66850.0,6600,2.0,2.0,4.0,yes,no,yes,no,no,0.0,yes,furnished,Yes
26600.0,2000,,1.0,2.0,yes,no,no,no,no,0.0,no,semi-furnished,Yes
58030.0,7000,3.0,1.0,1.0,yes,no,yes,no,no,2.0,yes,semi-furnished,Yes
54600.0,6100,3.0,1.0,3.0,yes,yes,no,no,yes,0.0,yes,semi-furnished,Yes
36400.0,3180,3.0,1.0,2.0,no,no,yes,no,no,0.0,,semi-furnished,Yes
91000.0,6600,4.0,2.0,2.0,yes,yes,yes,no,yes,1.0,yes,unfurnished,Yes
42000.0,3520,3.0,1.0,2.0,yes,no,no,no,no,0.0,yes,semi-furnished,Yes
30100.0,3240,3.0,1.0,2.0,yes,no,no,no,no,2.0,no,,Yes
61950.0,5500,3.0,,4.0,yes,yes,no,,yes,1.0,no,semi-furnished,Yes
55300.0,3650,3.0,2.0,2.0,yes,no,no,no,,2.0,no,semi-furnished,Yes
33250.0,4040,2.0,1.0,,,no,,no,no,1.0,no,unfurnished,Yes
29750.0,4352,4.0,1.0,2.0,no,no,no,no,no,1.0,no,unfurnished,Yes
52500.0,6540,4.0,,,no,no,no,no,yes,0.0,no,semi-furnished,Yes
36400.0,,2.0,1.0,1.0,yes,no,no,no,yes,2.0,no,semi-furnished,Yes
25200.0,3000,2.0,1.0,2.0,yes,no,no,no,no,-1.9077761297792797,no,furnished,Yes
49700.0,4410,4.0,3.0,2.0,yes,no,yes,no,no,2.0,no,semi-furnished,
72450.0,,4.0,2.0,4.0,yes,yes,no,no,yes,1.0,yes,furnished,Yes
62300.0,6600,3.0,2.0,1.0,yes,no,yes,no,yes,0.0,yes,unfurnished,Yes
26600.0,4000,3.0,1.0,1.0,yes,no,no,no,no,0.0,no,semi-furnished,Yes
24850.0,4400,3.0,1.0,2.0,yes,no,no,no,no,0.0,no,unfurnished,Yes
46900.0,6000,2.0,1.0,1.0,yes,no,yes,no,yes,1.0,no,,Yes
37800.0,8400,2.0,1.0,1.0,yes,no,no,no,no,,no,furnished,Yes
57750.0,6000,3.0,2.0,4.0,yes,no,no,no,yes,0.0,no,unfurnished,Yes
31500.0,3450,3.0,1.0,2.0,yes,no,yes,no,no,0.0,no,semi-furnished,Yes
25900.0,3600,2.0,1.0,1.0,yes,no,no,no,no,0.0,no,unfurnished,Yes
51100.0,3000,3.0,2.0,2.0,yes,yes,yes,no,no,,no,furnished,Yes
46130.0,4510,4.0,2.0,2.0,yes,no,yes,no,no,3.2858951316986653,no,semi-furnished,Yes
33950.0,4785,3.0,1.0,2.0,yes,yes,yes,no,yes,1.0,no,furnished,Yes
61950.0,6350,,2.0,3.0,yes,yes,no,no,yes,0.0,no,furnished,Yes
43400.0,1905,5.0,1.0,2.0,no,no,yes,no,no,0.0,no,semi-furnished,Yes
36400.0,2850,3.0,2.0,2.0,no,no,yes,no,no,,yes,unfurnished,Yes
35000.0,3640,2.0,1.0,1.0,yes,no,no,no,no,1.0,no,semi-furnished,
49560.0,2800,3.0,2.0,2.0,no,no,yes,no,yes,1.0,no,semi-furnished,Yes
59500.0,3700,4.0,1.0,2.0,yes,yes,no,no,yes,0.0,no,,Yes
23800.0,2475,3.0,1.0,2.0,yes,no,no,no,no,0.0,no,furnished,Yes
36400.0,,2.0,1.0,1.0,yes,no,no,no,yes,2.0,no,semi-furnished,Yes
24500.0,7700,2.0,1.0,1.0,yes,no,no,no,no,0.0,no,unfurnished,Yes
58730.0,5500,3.0,,3.0,yes,yes,no,no,yes,1.0,no,furnished,Yes
73500.0,5150,3.0,-0.21475222668845007,4.0,,no,no,no,yes,2.0,no,semi-furnished,Yes
52150.0,3180,3.0,2.0,2.0,yes,no,no,no,no,2.0,no,semi-furnished,Yes
42000.0,2953,3.0,1.0,2.0,yes,no,,no,yes,0.0,no,unfurnished,Yes
31150.0,3000,3.0,1.0,1.0,,no,no,no,yes,0.0,no,unfurnished,Yes
49000.0,6720,3.0,1.0,,yes,no,,no,no,0.0,no,unfurnished,Yes
46900.0,9667,4.0,2.0,2.0,yes,yes,yes,,no,1.0,no,semi-furnished,Yes
31500.0,1650,3.0,1.0,2.0,no,no,yes,no,no,0.0,no,unfurnished,Yes
61950.0,5500,3.0,2.0,1.0,,yes,yes,no,no,2.0,yes,,Yes
42000.0,5500,3.0,1.0,2.0,,no,no,no,yes,0.0,no,unfurnished,Yes
61075.0,3240,4.0,1.0,3.0,yes,no,no,no,no,1.0,no,semi-furnished,Yes
44730.0,3510,3.0,1.0,2.0,yes,no,no,,no,0.0,no,,Yes
59500.0,6540,3.0,1.0,1.0,yes,yes,yes,no,no,2.0,yes,furnished,Yes
40250.0,5400,3.0,1.0,1.0,yes,no,no,,no,3.0,no,semi-furnished,Yes
45150.0,3510,3.0,1.0,3.0,yes,no,no,no,no,0.0,no,semi-furnished,
32900.0,2500,-51.816138966744944,1.0,1.0,no,no,no,no,yes,0.0,no,unfurnished,Yes
36050.0,4500,2.0,1.0,1.0,yes,no,no,no,no,0.0,no,semi-furnished,Yes
42000.0,2747,4.0,2.0,2.0,no,no,no,no,no,0.0,no,semi-furnished,Yes
22750.0,3970,,1.0,2.0,yes,no,yes,no,no,0.0,no,unfurnished,Yes
35000.0,5880,2.0,1.0,1.0,yes,no,no,no,no,0.0,no,unfurnished,Yes
44100.0,3968,3.0,1.0,2.0,no,no,no,no,no,0.0,no,semi-furnished,Yes
46200.0,5680,3.0,1.0,2.0,yes,yes,,no,yes,1.0,no,semi-furnished,Yes
49000.0,4770,,1.0,1.0,yes,yes,yes,no,no,0.0,no,semi-furnished,Yes
58100.0,4800,3.0,1.0,3.0,yes,no,no,no,yes,0.0,no,unfurnished,Yes
81200.0,6840,5.0,1.0,2.0,yes,yes,yes,no,yes,1.0,no,furnished,Yes
44030.0,2880,3.0,1.0,2.0,yes,no,no,no,no,0.0,yes,semi-furnished,Yes
57400.0,6360,,1.0,1.0,yes,yes,yes,no,yes,2.0,yes,furnished,Yes
64400.0,5000,,1.0,2.0,yes,no,no,no,yes,0.0,no,semi-furnished,Yes
80809.4,7000,3.0,2.0,4.0,,no,no,no,yes,2.0,,furnished,Yes
26040.0,,2.0,1.0,1.0,no,no,no,no,no,0.0,no,unfurnished,Yes
40600.0,3000,,1.0,3.0,yes,no,yes,,yes,2.0,no,semi-furnished,Yes
52500.0,8400,,1.0,2.0,yes,yes,yes,no,yes,2.0,yes,unfurnished,Yes
49000.0,12900,3.0,1.0,,yes,no,no,no,no,2.0,no,furnished,Yes
41650.0,4840,3.0,1.0,2.0,yes,no,no,no,no,1.0,no,,Yes
59500.0,7231,3.0,1.0,2.0,yes,yes,yes,no,yes,0.0,yes,semi-furnished,Yes
59500.0,6525,3.0,2.0,4.0,yes,no,no,no,no,1.0,no,furnished,Yes
50400.0,3540,2.0,1.0,1.0,no,yes,,no,no,0.0,,semi-furnished,Yes
122500.0,9960,3.0,2.0,2.0,yes,no,yes,no,no,2.0,yes,semi-furnished,Yes
61250.0,6420,3.0,1.0,3.0,yes,no,yes,no,no,0.0,yes,unfurnished,Yes
48650.0,4350,2.0,1.0,1.0,yes,no,yes,no,no,0.0,no,unfurnished,Yes
66500.0,4260,4.0,2.0,2.0,yes,,no,yes,no,0.0,no,semi-furnished,Yes
49000.0,6300,3.0,1.0,1.0,yes,no,no,no,yes,2.0,no,semi-furnished,Yes
43400.0,4075,3.0,1.0,,yes,yes,yes,no,no,2.0,no,semi-furnished,Yes
74550.0,4300,3.0,2.0,2.0,yes,no,yes,no,no,1.0,no,unfurnished,Yes
21000.0,3360,2.0,1.0,1.0,yes,no,no,no,no,,no,unfurnished,Yes
32900.0,6060,3.0,1.0,1.0,yes,yes,yes,no,no,0.0,no,furnished,
73500.0,6000,3.0,1.0,2.0,yes,no,no,,yes,1.0,no,unfurnished,Yes
30100.0,3630,4.0,1.0,2.0,yes,no,no,no,no,3.0,no,semi-furnished,Yes
60900.0,8372,-51.816138966744944,1.0,3.0,yes,no,no,no,yes,2.0,no,unfurnished,Yes
63000.0,6000,4.0,2.0,4.0,,no,no,no,no,1.0,no,semi-furnished,Yes
64750.0,3960,3.0,1.0,1.0,yes,no,yes,no,no,2.0,no,semi-furnished,Yes
65100.0,6670,3.0,1.0,3.0,yes,no,yes,no,no,0.0,yes,unfurnished,Yes
49000.0,4646,3.0,,2.0,yes,yes,yes,no,no,2.0,no,semi-furnished,Yes
48300.0,6862,3.0,1.0,2.0,,no,no,no,yes,2.0,yes,furnished,Yes
49350.0,5948,3.0,1.0,2.0,yes,no,no,no,yes,0.0,no,semi-furnished,Yes
35700.0,3150,3.0,1.0,2.0,yes,no,yes,no,no,0.0,no,furnished,Yes
27300.0,4000,3.0,1.0,2.0,yes,no,no,no,no,1.0,no,unfurnished,Yes
38850.0,3180,4.0,2.0,2.0,yes,no,no,no,,0.0,no,furnished,Yes
35000.0,3480,3.0,1.0,1.0,no,,no,no,yes,0.0,no,unfurnished,Yes
23800.0,2787,4.0,2.0,2.0,yes,no,no,no,no,0.0,no,furnished,Yes
38500.0,,2.0,1.0,2.0,yes,yes,no,no,no,0.0,yes,,Yes
37730.0,6930A,4.0,1.0,2.0,no,no,no,no,no,,no,furnished,Yes
37450.0,3480,2.0,1.0,1.0,yes,no,no,,no,0.0,yes,semi-furnished,Yes
35700.0,4500,2.0,,1.0,no,no,no,no,no,0.0,no,furnished,Yes
32550.0,4500,2.0,,1.0,no,no,no,no,no,0.0,no,semi-furnished,Yes
33600.0,3185,2.0,1.0,1.0,yes,no,yes,no,no,,no,furnished,Yes
32900.0,3180,-51.816138966744944,1.0,2.0,yes,no,yes,no,yes,0.0,no,unfurnished,Yes
52150.0,7200,3.0,1.0,,yes,yes,,no,no,1.0,yes,,Yes
44800.0,8250,3.0,1.0,1.0,yes,no,,no,no,0.0,no,furnished,Yes
35000.0,7350A,60.09621786220845,,,yes,no,no,no,no,1.0,no,semi-furnished,Yes
69300.0,8880,3.0,2.0,2.0,yes,no,yes,no,yes,1.0,,furnished,Yes
33530.0,2700,3.0,1.0,1.0,no,no,no,no,no,0.0,no,,Yes
43750.0,3900,3.0,1.0,2.0,yes,no,no,no,no,0.0,no,unfurnished,Yes
60830.0,9620,3.0,1.0,1.0,yes,no,yes,no,no,2.0,yes,furnished,Yes
45150.0,3520,2.0,1.0,2.0,yes,no,no,no,no,0.0,yes,furnished,Yes
70700.0,6240,60.09621786220845,2.0,2.0,yes,no,no,no,yes,1.0,no,furnished,Yes
70000.0,11175,3.0,1.0,1.0,yes,no,yes,no,yes,1.0,yes,furnished,Yes
44100.0,4900,2.0,1.0,,yes,no,yes,no,no,0.0,no,semi-furnished,Yes
34300.0,3850,3.0,1.0,1.0,yes,no,no,no,no,0.0,no,unfurnished,Yes
65100.0,6670,3.0,1.0,3.0,yes,no,yes,no,no,0.0,yes,unfurnished,Yes
66290.0,6000,3.0,1.0,2.0,yes,no,no,yes,no,1.0,yes,semi-furnished,Yes
89600.0,8500,3.0,2.0,4.0,yes,no,no,no,yes,2.0,no,,Yes
61075.0,3240,4.0,1.0,3.0,yes,no,no,no,no,1.0,no,semi-furnished,Yes
133000.0,,4.0,2.0,3.0,yes,no,no,no,yes,2.0,yes,,Yes
42700.0,2175,3.0,1.0,2.0,,yes,yes,no,,0.0,no,unfurnished,Yes
45500.0,5360,3.0,1.0,2.0,yes,no,no,no,no,2.0,yes,unfurnished,Yes
26600.0,3630,3.0,3.0,2.0,no,yes,no,no,no,0.0,no,unfurnished,Yes
35000.0,4600,4.0,,2.0,yes,no,no,no,,0.0,no,semi-furnished,Yes
31500.0,3069,2.0,1.0,1.0,,no,no,no,no,1.0,no,unfurnished,Yes
77000.0,6480,3.0,2.0,4.0,yes,no,no,no,yes,2.0,no,unfurnished,Yes
35000.0,,3.0,2.0,2.0,no,no,no,no,no,0.0,no,unfurnished,Yes
45150.0,3450,3.0,1.0,2.0,yes,no,yes,no,no,1.0,no,semi-furnished,Yes
34300.0,2145,3.0,2.7735190860333443,3.0,yes,no,no,no,no,0.0,yes,furnished,Yes
43400.0,4500,3.0,2.0,3.0,yes,no,no,yes,no,1.0,no,,Yes
37100.0,3600,3.0,1.0,1.0,yes,no,no,no,no,1.0,no,unfurnished,Yes
51100.0,3000,3.0,1.0,2.0,yes,no,,no,no,0.0,no,unfurnished,
53900.0,6710,3.0,2.0,2.0,yes,yes,yes,,no,1.0,yes,furnished,Yes
39200.0,3000,3.0,1.0,2.0,yes,no,no,no,no,0.0,,semi-furnished,Yes
51100.0,11410,2.0,1.0,,yes,no,no,no,no,0.0,yes,furnished,Yes
62930.0,6600,3.0,2.0,3.0,yes,no,no,no,yes,0.0,yes,unfurnished,Yes
50400.0,6600,3.0,1.0,1.0,yes,yes,yes,no,no,0.0,yes,furnished,Yes
36400.0,5960,3.0,1.0,2.0,yes,yes,yes,no,no,0.0,no,unfurnished,Yes
17500.0,3620,2.0,1.0,1.0,,no,no,no,no,0.0,no,unfurnished,Yes
33600.0,4750,2.0,1.0,1.0,yes,no,no,no,no,0.0,no,unfurnished,Yes
38850.0,3780,2.0,1.0,2.0,,,yes,no,no,0.0,no,semi-furnished,Yes
37100.0,6020,3.0,1.0,1.0,yes,no,no,no,no,0.0,no,semi-furnished,Yes
57750.0,6000,3.0,2.0,4.0,yes,no,no,no,yes,0.0,no,unfurnished,Yes
31188.5,,3.0,1.0,1.0,yes,no,no,no,no,0.0,yes,semi-furnished,Yes
74200.0,7440,3.0,2.0,4.0,yes,no,no,no,no,1.0,,unfurnished,Yes
56000.0,10500,4.0,2.0,2.0,yes,,no,no,no,1.0,no,semi-furnished,Yes
32200.0,3120,3.0,1.0,2.0,no,no,no,no,no,0.0,no,,Yes
68950.0,7700,3.0,2.0,1.0,yes,no,no,no,no,2.0,no,unfurnished,Yes
22750.0,3970,1.0,1.0,1.0,no,no,no,no,no,0.0,no,unfurnished,Yes
52500.0,4260,4.0,1.0,2.0,yes,no,yes,no,,0.0,no,furnished,Yes
29610.0,3000,2.0,1.0,2.0,yes,no,no,no,no,-1.9077761297792797,no,semi-furnished,Yes
37100.0,4050,2.0,1.0,,yes,no,no,no,no,0.0,no,furnished,Yes
101500.0,8580,4.0,3.0,4.0,yes,no,,no,yes,2.0,yes,semi-furnished,Yes
66290.0,6000,3.0,1.0,2.0,yes,no,no,yes,no,1.0,yes,semi-furnished,Yes
38500.0,2015,3.0,1.0,2.0,yes,no,,no,no,0.0,yes,semi-furnished,Yes
28700.0,5400,4.0,1.0,-0.7931247123931777,yes,no,no,no,no,0.0,no,unfurnished,Yes
43050.0,10360,2.0,1.0,1.0,yes,no,no,no,no,1.0,yes,,Yes
44800.0,4000,3.0,1.0,2.0,yes,no,,no,no,2.0,no,furnished,Yes
57400.0,4640,4.0,1.0,2.0,yes,no,no,no,no,1.0,no,semi-furnished,Yes
65100.0,3760,3.0,1.0,2.0,yes,no,no,yes,no,2.0,no,semi-furnished,Yes
37030.0,3120,3.0,1.0,2.0,no,no,yes,yes,no,0.0,no,semi-furnished,Yes
34650.0,3060,3.0,1.0,,yes,no,no,no,no,0.0,no,unfurnished,Yes
60830.0,4300,6.0,2.0,2.0,yes,no,no,no,no,0.0,,furnished,Yes
35000.0,3650,,1.0,2.0,yes,no,no,no,no,0.0,,unfurnished,Yes
40600.0,4992,3.0,2.0,2.0,yes,no,no,no,no,2.0,no,unfurnished,Yes
52500.0,9800,4.0,2.0,2.0,yes,yes,no,no,no,2.0,no,semi-furnished,Yes
66500.0,,3.0,2.0,3.0,yes,yes,no,no,yes,0.0,no,furnished,Yes
48300.0,6040,3.0,1.0,1.0,yes,no,no,no,no,2.0,yes,semi-furnished,Yes
31500.0,9000,3.0,1.0,2.0,yes,no,no,no,no,2.0,no,semi-furnished,Yes
70700.0,8880,2.0,1.0,1.0,yes,no,no,no,yes,1.0,no,semi-furnished,Yes
39200.0,5500,4.0,1.0,2.0,,,yes,no,no,0.0,no,semi-furnished,Yes
31430.0,4500,3.0,1.0,2.0,yes,no,no,no,yes,0.0,no,,Yes
31500.0,3450,,1.0,1.0,yes,no,no,no,no,0.0,no,furnished,Yes
40075.0,3460,4.0,1.0,,yes,no,no,no,yes,0.0,no,semi-furnished,Yes
18200.0,3000,2.0,1.0,1.0,yes,no,yes,no,no,,no,unfurnished,Yes
55650.0,5400,5.0,1.0,2.0,yes,yes,yes,no,yes,,yes,furnished,
54950.0,2817,4.0,2.0,2.0,no,,yes,no,no,1.0,no,furnished,Yes
42700.0,4360,4.0,1.0,2.0,yes,no,no,no,no,0.0,no,furnished,Yes
39900.0,3960,3.0,1.0,,yes,no,no,no,no,0.0,no,furnished,Yes
79800.0,9000,4.0,2.0,4.0,yes,no,no,no,yes,2.0,no,furnished,Yes
49000.0,4520,,1.0,2.0,yes,no,yes,no,yes,0.0,no,semi-furnished,Yes
32340.0,3640,4.0,1.0,2.0,yes,no,yes,no,no,0.0,no,unfurnished,Yes
66150.0,10500,3.0,2.0,1.0,yes,no,yes,no,yes,1.0,yes,furnished,Yes
49000.0,5400,,1.0,2.0,yes,,,no,no,0.0,no,,Yes
40250.0,3460,3.0,2.0,1.0,yes,no,yes,no,yes,1.0,no,furnished,Yes
57400.0,5800,3.0,2.0,4.0,yes,no,no,no,yes,0.0,no,unfurnished,Yes
49000.0,12900,3.0,1.0,,yes,no,no,no,no,2.0,no,furnished,Yes
45850.0,4000,3.0,1.0,2.0,yes,no,no,no,no,1.0,no,furnished,Yes
36750.0,3630,,1.0,1.0,yes,no,no,no,yes,0.0,no,unfurnished,Yes
34300.0,2610,3.0,1.0,2.0,yes,no,yes,no,no,0.0,yes,unfurnished,Yes
54600.0,3150,3.0,2.0,1.0,yes,yes,yes,no,yes,0.0,no,furnished,Yes
38500.0,3850,2.0,1.0,1.0,yes,no,no,no,no,0.0,no,semi-furnished,Yes
29400.0,6615,3.0,1.0,2.0,yes,,no,no,no,0.0,no,semi-furnished,Yes
26600.0,3480,2.0,1.0,1.0,yes,,no,no,no,1.0,no,semi-furnished,Yes
55230.0,6900,3.0,1.0,1.0,yes,yes,yes,no,no,0.0,yes,,
52430.0,6050A,3.0,1.0,1.0,yes,no,yes,no,no,0.0,yes,,Yes
65800.0,,3.0,2.0,,yes,no,no,no,yes,0.0,no,semi-furnished,
38150.0,3150,2.0,2.0,1.0,no,no,yes,no,no,0.0,no,semi-furnished,Yes
41230.0,6060,2.0,1.0,1.0,yes,no,yes,no,no,1.0,no,semi-furnished,Yes
49000.0,4646,3.0,,2.0,yes,yes,yes,no,no,2.0,no,semi-furnished,Yes
39900.0,4500,3.0,2.0,2.0,no,no,yes,no,yes,0.0,no,semi-furnished,Yes
42000.0,2325,3.0,1.0,2.0,no,no,no,no,no,0.0,no,semi-furnished,Yes
45430.0,4100,-51.816138966744944,2.0,1.0,yes,yes,yes,no,no,0.0,no,semi-furnished,Yes
35000.0,3036,3.0,1.0,2.0,yes,no,yes,no,no,0.0,no,semi-furnished,Yes
17500.0,2910,3.0,1.0,1.0,no,no,no,no,no,0.0,no,furnished,Yes
92400.0,3500,4.0,2.0,2.0,yes,no,no,yes,no,2.0,,,Yes
36050.0,4000,2.0,1.0,1.0,,no,no,no,no,0.0,yes,semi-furnished,Yes
56000.0,10500,2.0,1.0,,yes,no,no,no,,1.0,no,semi-furnished,Yes
51450.0,7980,3.0,1.0,1.0,yes,no,no,no,,1.0,yes,semi-furnished,Yes
52500.0,3800,3.0,1.0,2.0,yes,yes,yes,no,no,-1.9077761297792797,yes,unfurnished,Yes
82950.0,4880,4.0,2.0,2.0,yes,no,no,no,yes,1.0,yes,furnished,Yes
33600.0,3750,3.0,1.0,1.0,yes,no,no,no,no,0.0,no,unfurnished,
40600.0,5900,4.0,2.0,2.0,no,no,yes,no,no,1.0,no,,
60200.0,6800,2.0,1.0,-0.7931247123931777,yes,yes,yes,no,no,2.0,no,furnished,Yes
42700.0,7770,2.0,,1.0,yes,no,no,no,no,1.0,no,furnished,Yes
59500.0,6254,4.0,2.0,1.0,yes,no,yes,no,no,,yes,semi-furnished,Yes
43400.0,6450,4.0,1.0,2.0,yes,no,no,no,no,0.0,no,semi-furnished,Yes
63000.0,6400,,1.0,1.0,yes,yes,yes,no,yes,1.0,yes,semi-furnished,Yes
48300.0,4160,3.0,1.0,3.0,yes,no,no,no,no,0.0,no,unfurnished,Yes
66500.0,4040,3.0,1.0,2.0,yes,no,yes,yes,no,,no,furnished,Yes
40950.0,3680,3.0,2.0,2.0,yes,no,no,no,no,0.0,,semi-furnished,Yes
52500.0,5500,3.0,2.7735190860333443,1.0,yes,no,yes,no,no,0.0,no,semi-furnished,
18550.0,2990,2.0,1.0,1.0,no,no,no,no,no,1.0,,unfurnished,Yes
56000.0,10500,2.0,1.0,,yes,no,no,no,,1.0,no,semi-furnished,Yes
122150.0,7500,4.0,2.0,2.0,yes,no,yes,no,yes,3.0,yes,furnished,Yes
30450.0,3800,2.0,1.0,1.0,yes,no,no,no,no,0.0,no,unfurnished,Yes
55650.0,4400,4.0,1.0,2.0,yes,no,no,no,yes,2.0,yes,semi-furnished,Yes
28350.0,2640,2.0,1.0,1.0,no,no,no,no,no,1.0,no,furnished,Yes
46900.0,5170,3.0,1.0,4.0,yes,no,no,no,yes,0.0,no,semi-furnished,Yes
40985.0,3600,3.0,1.0,1.0,yes,no,yes,no,yes,0.0,yes,furnished,Yes
34300.0,3185,,1.0,1.0,yes,no,no,no,no,2.0,no,unfurnished,Yes
50330.0,4800,2.0,1.0,1.0,yes,yes,yes,no,no,0.0,,semi-furnished,
29400.0,5850,3.0,1.0,2.0,yes,no,yes,no,no,1.0,no,unfurnished,Yes
75600.0,6000,3.0,2.0,3.0,yes,no,no,no,yes,0.0,no,semi-furnished,Yes
63000.0,9000,3.0,1.0,1.0,yes,no,yes,no,no,1.0,,furnished,Yes
49700.0,7686,3.0,1.0,1.0,,yes,yes,yes,no,0.0,no,semi-furnished,Yes
41930.0,3450,3.0,1.0,2.0,yes,no,no,no,no,1.0,no,semi-furnished,Yes
25900.0,4400,2.0,1.0,1.0,yes,no,no,no,no,0.0,no,unfurnished,Yes
61600.0,4500,3.0,1.0,4.0,yes,no,no,no,yes,,,unfurnished,Yes
46900.0,3630,3.0,1.0,2.0,yes,no,no,no,no,2.0,no,semi-furnished,Yes
24500.0,3240,2.0,1.0,1.0,no,yes,no,no,no,1.0,no,unfurnished,Yes
61950.0,5500,3.0,2.0,1.0,,yes,yes,no,no,2.0,yes,,Yes
35000.0,3650,,1.0,2.0,yes,no,no,no,no,0.0,,unfurnished,Yes
40950.0,4040,2.0,1.0,2.0,yes,no,no,no,,1.0,no,semi-furnished,Yes
36750.0,5640,2.0,1.0,1.0,no,no,no,,,0.0,no,semi-furnished,Yes
57400.0,5400,4.0,2.0,2.0,yes,no,no,no,yes,2.0,no,unfurnished,Yes
21000.0,2400,3.0,1.0,2.0,yes,no,no,no,no,0.0,no,unfurnished,Yes
26950.0,4000,2.0,1.0,1.0,yes,no,no,no,no,0.0,no,unfurnished,Yes
21000.0,3000,4.0,1.0,2.0,yes,no,no,,no,0.0,no,unfurnished,Yes
45500.0,3640,3.0,1.0,2.0,yes,no,no,no,yes,0.0,no,furnished,Yes
42000.0,4410,2.0,1.0,1.0,no,no,no,no,no,1.0,no,unfurnished,Yes
58100.0,5200,3.0,1.0,3.0,yes,no,no,no,yes,0.0,no,semi-furnished,Yes
34300.0,,,1.0,1.0,yes,no,no,no,no,0.0,no,unfurnished,Yes
32200.0,4320,,1.0,1.0,no,no,no,no,no,,no,unfurnished,Yes
40075.0,4500,3.0,1.0,2.0,no,no,yes,no,yes,0.0,no,semi-furnished,Yes
84630.0,6000,3.0,2.0,4.0,yes,yes,yes,no,yes,0.0,yes,semi-furnished,Yes
86450.0,8050,3.0,1.0,1.0,yes,yes,yes,no,yes,,no,furnished,Yes
62300.0,6600,3.0,2.0,1.0,yes,no,yes,no,yes,0.0,yes,unfurnished,Yes
56000.0,6360,3.0,1.0,3.0,,no,no,no,no,0.0,yes,semi-furnished,Yes
91000.0,6000,4.0,1.0,2.0,yes,no,yes,no,no,2.0,no,semi-furnished,Yes
52500.0,5300,4.0,2.0,1.0,yes,no,no,no,yes,0.0,yes,unfurnished,Yes
38500.0,3180,2.0,,1.0,yes,no,yes,no,no,2.0,no,semi-furnished,Yes
88550.0,6420,300.0,2.0,2.0,yes,no,no,no,yes,1.0,yes,,Yes
39200.0,2145,4.0,2.7735190860333443,1.0,yes,no,yes,no,no,0.0,yes,unfurnished,Yes
54600.0,6210,4.0,1.0,4.0,yes,yes,no,no,yes,0.0,no,furnished,Yes
53830.0,6450,-51.816138966744944,2.0,1.0,yes,yes,yes,yes,no,0.0,no,unfurnished,Yes
37100.0,4040,,1.0,1.0,yes,no,no,no,no,0.0,no,semi-furnished,Yes
46200.0,2870,2.0,1.0,2.0,yes,yes,yes,no,no,0.0,,semi-furnished,Yes
67200.0,5020,3.0,1.0,4.0,yes,no,no,no,yes,,yes,unfurnished,Yes
34230.0,4040,2.0,1.0,1.0,yes,no,no,no,no,0.0,no,unfurnished,Yes
30100.0,3240,3.0,1.0,2.0,yes,no,no,no,no,2.0,no,,Yes
52500.0,10269,3.0,1.0,1.0,yes,no,no,no,,1.0,yes,semi-furnished,Yes
35000.0,9500,3.0,1.0,2.0,yes,no,no,no,no,-1.9077761297792797,yes,unfurnished,Yes
70350.0,6360,4.0,2.0,3.0,yes,no,no,no,yes,2.0,yes,furnished,Yes
62650.0,6000,4.0,1.0,3.0,yes,yes,yes,no,no,0.0,yes,unfurnished,Yes
35350.0,3850,3.0,1.0,,yes,no,no,no,no,2.0,no,unfurnished,Yes
35000.0,3120,3.0,1.0,2.0,yes,no,no,no,no,1.0,no,unfurnished,Yes
67550.0,6000,4.0,2.0,4.0,yes,no,no,no,yes,0.0,no,unfurnished,Yes
44030.0,4920,3.0,1.0,2.0,yes,no,no,no,no,1.0,no,semi-furnished,
43050.0,4400,2.0,1.0,1.0,yes,no,no,no,no,1.0,no,semi-furnished,Yes
57400.0,5000,3.0,1.0,3.0,yes,no,no,no,yes,0.0,no,semi-furnished,Yes
52500.0,3800,3.0,1.0,2.0,yes,yes,yes,no,no,-1.9077761297792797,yes,unfurnished,Yes
24500.0,3500,-51.816138966744944,1.0,1.0,yes,yes,no,no,no,0.0,no,unfurnished,Yes
59500.0,7320,4.0,2.0,,yes,,,,no,0.0,no,furnished,
66150.0,4000,3.0,2.0,2.0,yes,no,yes,no,yes,1.0,no,semi-furnished,Yes
30100.0,2835A,2.0,1.0,1.0,yes,no,no,no,no,0.0,no,semi-furnished,Yes
32900.0,3480,4.0,1.0,2.0,no,no,no,no,no,1.0,no,semi-furnished,Yes
35000.0,3512,,1.0,1.0,yes,no,no,no,no,1.0,yes,unfurnished,Yes
43750.0,3900,3.0,1.0,2.0,yes,no,no,no,no,0.0,no,unfurnished,Yes
49000.0,4095,3.0,1.0,2.0,no,yes,yes,no,yes,0.0,no,semi-furnished,
84000.0,7475,3.0,2.0,4.0,yes,no,no,no,yes,2.0,no,unfurnished,Yes
23800.0,3264,2.0,1.0,1.0,yes,no,no,no,no,0.0,no,unfurnished,Yes
36400.0,3000,2.0,1.0,2.0,yes,no,no,no,yes,,no,furnished,Yes
56000.0,4800,5.0,2.0,3.0,no,no,yes,yes,no,0.0,,unfurnished,Yes
58800.0,6500,3.0,2.0,3.0,yes,no,no,no,yes,0.0,no,unfurnished,Yes
31500.0,3986,2.0,2.0,1.0,no,yes,yes,no,no,1.0,no,unfurnished,Yes
21350.0,3000,2.0,1.0,1.0,no,no,no,no,no,0.0,no,unfurnished,Yes
29400.0,3600,,1.0,2.0,no,no,no,no,,1.0,no,unfurnished,Yes
23450.0,3640,2.0,1.0,1.0,yes,no,no,no,no,0.0,no,unfurnished,Yes
64050.0,4800,3.0,2.0,4.0,yes,yes,no,no,yes,0.0,no,furnished,Yes
24500.0,3210,3.0,1.0,2.0,yes,no,yes,no,no,0.0,,,Yes
37800.0,5830,2.0,1.0,-0.7931247123931777,yes,no,no,no,,2.0,no,unfurnished,Yes
52290.0,7085,60.09621786220845,1.0,1.0,yes,yes,yes,no,no,2.0,yes,semi-furnished,Yes
35000.0,3036,3.0,1.0,2.0,yes,no,yes,no,no,0.0,no,semi-furnished,Yes
30100.0,5076,,1.0,1.0,no,no,no,no,no,0.0,no,unfurnished,Yes
39200.0,3816,2.0,1.0,1.0,yes,no,,no,yes,2.0,no,furnished,Yes
37030.0,5450,2.0,1.0,1.0,yes,no,no,no,no,0.0,no,furnished,
37730.0,2520,5.0,2.0,1.0,no,no,yes,no,yes,1.0,no,furnished,Yes
87500.0,4320,300.0,1.0,2.0,yes,no,yes,yes,no,2.0,no,semi-furnished,Yes
52150.0,7200,3.0,1.0,,yes,yes,,no,no,1.0,yes,,Yes
47950.0,7000,3.0,1.0,2.0,yes,no,yes,no,no,0.0,no,unfurnished,Yes
69300.0,13200,2.0,1.0,1.0,yes,no,yes,yes,no,1.0,no,furnished,Yes
60900.0,6615,4.0,2.0,,yes,yes,,yes,no,1.0,no,semi-furnished,Yes
32200.0,4370,3.0,1.0,2.0,yes,no,no,no,no,0.0,no,unfurnished,
35700.0,3640,2.0,1.0,1.0,yes,no,no,no,no,0.0,no,unfurnished,Yes
58660.0,4800,3.0,1.0,,yes,yes,yes,no,no,0.0,no,unfurnished,Yes
56525.0,6660,4.0,2.0,2.0,yes,,yes,no,no,1.0,yes,semi-furnished,Yes
66500.0,6420,3.0,2.0,3.0,yes,no,no,no,yes,0.0,yes,furnished,Yes
42000.0,4079,3.0,1.0,3.0,yes,no,no,no,,0.0,no,semi-furnished,Yes
34930.0,4900,3.0,1.0,2.0,no,no,no,no,no,0.0,no,,Yes
36400.0,3570,3.0,1.0,2.0,yes,no,yes,no,no,0.0,no,semi-furnished,Yes
26600.0,2800,3.0,1.0,1.0,yes,no,no,no,no,0.0,no,unfurnished,Yes
44100.0,4900,2.0,1.0,,yes,no,yes,no,no,0.0,no,semi-furnished,Yes
60900.0,6600,3.0,1.0,1.0,yes,,yes,no,no,2.0,yes,semi-furnished,Yes
35000.0,4240,3.0,1.0,2.0,yes,no,no,no,yes,0.0,no,semi-furnished,
29400.0,3660,4.0,1.0,,no,no,no,no,no,0.0,no,unfurnished,
41300.0,4632,,1.0,2.0,yes,no,no,no,yes,0.0,no,semi-furnished,Yes
37800.0,3420,2.0,1.0,2.0,yes,no,no,yes,no,1.0,no,semi-furnished,Yes
42000.0,5850,,1.0,1.0,yes,yes,yes,no,no,2.0,no,semi-furnished,Yes
47600.0,6321,3.0,,2.0,yes,no,yes,no,yes,1.0,no,furnished,Yes
25200.0,2880,3.0,1.0,1.0,no,no,no,no,no,0.0,no,unfurnished,Yes
63000.0,7200,3.0,2.0,1.0,yes,no,yes,no,yes,3.0,no,,Yes
64400.0,8580,5.0,3.0,-0.7931247123931777,yes,no,no,no,no,2.0,no,furnished,Yes
18900.0,3649,2.0,1.0,1.0,yes,,no,no,,0.0,no,,Yes
56000.0,4700,4.0,1.0,2.0,yes,yes,yes,no,yes,1.0,no,furnished,Yes
33600.0,3720,2.0,1.0,1.0,no,no,,no,,0.0,no,unfurnished,Yes
51100.0,6100,3.0,1.0,1.0,yes,no,yes,no,yes,0.0,yes,semi-furnished,Yes
30800.0,3090,2.0,1.0,1.0,yes,yes,,no,no,0.0,no,unfurnished,Yes
59500.0,7020,3.0,1.0,1.0,yes,no,yes,no,yes,2.0,yes,semi-furnished,Yes
81900.0,5960,3.0,3.0,2.0,,yes,yes,no,no,1.0,no,unfurnished,Yes
84000.0,7000,3.0,1.0,,,no,no,,yes,2.0,,semi-furnished,Yes
39900.0,4100,4.0,1.0,1.0,no,no,,no,no,0.0,no,unfurnished,Yes
30870.0,8100,2.0,1.0,-0.7931247123931777,yes,no,no,no,,1.0,no,unfurnished,Yes
42700.0,6360,2.0,1.0,2.0,yes,no,no,no,no,-1.9077761297792797,no,unfurnished,Yes
65100.0,8250,3.0,2.0,3.0,yes,no,no,no,yes,0.0,no,furnished,Yes
45430.0,4990,4.0,2.0,2.0,yes,yes,yes,no,no,0.0,,furnished,Yes
72100.0,7680,4.0,2.0,4.0,yes,yes,no,no,yes,1.0,no,semi-furnished,Yes
56000.0,5136,3.0,1.0,2.0,yes,yes,yes,no,yes,0.0,yes,unfurnished,Yes
33320.0,2145,-51.816138966744944,1.0,2.0,yes,no,yes,no,no,,yes,furnished,Yes
30800.0,4500,2.0,1.0,2.0,yes,no,no,yes,no,1.0,no,semi-furnished,Yes
17500.0,3850,3.0,1.0,2.0,yes,no,no,no,no,0.0,no,unfurnished,Yes
55300.0,3300,3.0,3.0,2.0,yes,no,yes,no,no,0.0,no,semi-furnished,Yes
21000.0,3360,2.0,1.0,1.0,yes,no,no,no,no,,no,unfurnished,Yes
46550.0,3745,3.0,1.0,2.0,yes,no,yes,no,no,0.0,no,furnished,Yes
32900.0,3480,4.0,1.0,2.0,no,no,no,no,no,1.0,no,semi-furnished,Yes
22330.0,5300,,1.0,1.0,no,no,no,no,,0.0,yes,unfurnished,Yes
38500.0,5300,5.0,2.0,2.0,yes,,no,no,no,0.0,no,semi-furnished,
64400.0,5000,,1.0,2.0,yes,no,no,no,yes,0.0,no,semi-furnished,Yes
38500.0,7152,3.0,1.0,2.0,yes,no,no,,yes,0.0,no,furnished,Yes
24500.0,4840,2.0,1.0,2.0,yes,no,no,no,no,0.0,no,unfurnished,Yes
67900.0,12090,-51.816138966744944,2.0,2.0,yes,no,no,no,no,2.0,yes,furnished,Yes
86450.0,4560A,3.0,2.0,2.0,yes,yes,yes,no,yes,1.0,no,furnished,Yes
35000.0,5900,2.0,,1.0,yes,no,no,no,no,1.0,,furnished,Yes
40600.0,4320,3.0,,2.0,yes,no,no,no,no,2.0,yes,furnished,
28700.0,6000,2.0,1.0,1.0,yes,no,no,,,0.0,no,semi-furnished,Yes
72100.0,7680,4.0,2.0,4.0,yes,yes,no,no,yes,1.0,no,semi-furnished,Yes
59500.0,,3.0,1.0,1.0,yes,no,yes,no,yes,0.0,yes,furnished,Yes
42700.0,6360,2.0,1.0,1.0,yes,no,no,no,no,0.0,no,furnished,Yes
85400.0,6540,4.0,2.0,2.0,yes,yes,yes,no,yes,-1.9077761297792797,yes,furnished,Yes
25900.0,3600,2.0,2.0,2.0,yes,no,yes,no,no,1.0,no,furnished,Yes
37730.0,8250,3.0,,1.0,yes,no,no,no,no,2.0,no,furnished,Yes
49070.0,,3.0,1.0,2.0,yes,no,no,no,no,1.0,no,furnished,Yes
56000.0,6600,4.0,2.0,1.0,yes,no,yes,no,no,0.0,yes,semi-furnished,Yes
31500.0,6750,2.0,1.0,1.0,yes,no,no,no,no,0.0,no,semi-furnished,Yes
35000.0,7424,3.0,1.0,1.0,no,no,no,no,no,0.0,no,unfurnished,Yes
56000.0,5000,3.0,1.0,4.0,,no,no,no,no,0.0,no,furnished,Yes
34650.0,2145,3.0,1.0,3.0,yes,no,no,no,no,0.0,yes,furnished,Yes
75600.0,6000,4.0,2.0,4.424907658129611,yes,no,no,no,yes,1.0,no,furnished,Yes
47600.0,10240,2.0,1.0,1.0,yes,no,,no,yes,2.0,yes,unfurnished,Yes
36750.0,3600,2.0,1.0,1.0,yes,no,no,no,no,0.0,no,furnished,Yes
74200.0,7440,3.0,,,yes,yes,yes,no,yes,0.0,yes,semi-furnished,Yes
52150.0,4500,,2.0,1.0,no,no,yes,no,yes,2.0,no,semi-furnished,Yes
47530.0,6440,2.0,1.0,1.0,yes,no,no,no,yes,3.0,no,semi-furnished,Yes
39200.0,5500,4.0,1.0,2.0,,,yes,no,no,0.0,no,semi-furnished,Yes
42000.0,4000,,2.0,2.0,no,no,no,no,no,0.0,no,semi-furnished,Yes
36750.0,3630A,2.0,1.0,1.0,yes,no,yes,no,no,0.0,no,,Yes
41650.0,4046,3.0,1.0,2.0,yes,no,yes,no,no,1.0,no,semi-furnished,
66500.0,5700,3.0,1.0,1.0,yes,yes,yes,,yes,2.0,yes,furnished,Yes
66500.0,6500,3.0,2.0,3.0,yes,no,no,no,yes,0.0,yes,furnished,Yes
84000.0,7950,5.0,,2.0,yes,no,yes,yes,no,2.0,no,unfurnished,Yes
46200.0,3880,3.0,2.0,2.0,yes,no,yes,no,no,2.0,no,semi-furnished,Yes
47950.0,8100,4.0,1.0,4.0,yes,no,yes,no,yes,2.0,no,semi-furnished,
41650.0,4080,3.0,1.0,2.0,yes,no,no,no,no,2.0,no,semi-furnished,Yes
60200.0,6900,3.0,2.0,1.0,yes,yes,yes,no,no,-1.9077761297792797,yes,unfurnished,Yes
24850.0,,3.0,1.0,2.0,no,no,no,no,no,0.0,no,semi-furnished,Yes
37800.0,3600,2.0,1.0,1.0,yes,no,no,no,no,0.0,no,semi-furnished,Yes
23100.0,3180,60.09621786220845,1.0,1.0,yes,no,no,no,no,0.0,no,unfurnished,Yes
39200.0,7260,3.0,,1.0,yes,yes,yes,no,no,3.0,no,furnished,Yes
84000.0,5500,,2.0,2.0,yes,no,yes,no,yes,1.0,yes,semi-furnished,Yes
56000.0,6360,3.0,1.0,3.0,,no,no,no,no,0.0,yes,semi-furnished,Yes
61600.0,5450,4.0,2.0,1.0,yes,no,yes,no,yes,0.0,yes,semi-furnished,Yes
42700.0,4500,2.0,1.0,1.0,,no,no,no,yes,2.0,no,furnished,Yes
49000.0,3000,3.0,1.0,2.0,yes,no,yes,no,yes,0.0,no,semi-furnished,Yes
55300.0,6100,,2.0,1.0,yes,no,yes,no,no,2.0,yes,furnished,Yes
50400.0,10700,,1.0,2.0,yes,yes,yes,,no,0.0,no,semi-furnished,Yes
64190.0,6750,2.0,1.0,1.0,yes,yes,yes,no,no,2.0,yes,furnished,Yes
63000.0,4100,3.0,2.0,3.0,yes,no,no,no,yes,2.0,,semi-furnished,Yes
42000.0,5800,3.0,,1.0,yes,no,no,yes,no,2.0,no,semi-furnished,Yes
26600.0,2430,3.0,1.0,1.0,no,no,no,no,no,0.0,,unfurnished,Yes
58730.0,11460,3.0,1.0,3.0,yes,no,no,no,no,2.0,yes,semi-furnished,Yes
71400.0,6000,3.0,2.0,2.0,yes,yes,no,no,no,1.0,no,,Yes
35000.0,12944,3.0,1.0,1.0,yes,no,no,no,no,0.0,,unfurnished,Yes
37800.0,2856,3.0,1.0,3.0,yes,no,no,no,no,0.0,yes,furnished,Yes
50750.0,,2.0,1.0,2.0,yes,no,no,no,yes,0.0,yes,unfurnished,Yes
28000.0,3960,3.0,,1.0,yes,no,no,no,no,0.0,no,furnished,Yes
63000.0,4100,3.0,2.0,3.0,yes,no,no,no,yes,2.0,,semi-furnished,Yes
50400.0,7600,4.0,1.0,2.0,yes,no,no,no,yes,2.0,no,furnished,Yes
28700.0,3630,2.0,1.0,1.0,yes,no,no,no,no,0.0,no,unfurnished,Yes
22750.0,1836,2.0,1.0,1.0,no,no,,no,no,0.0,no,semi-furnished,Yes
41300.0,5985,3.0,1.0,1.0,yes,no,yes,no,no,0.0,no,semi-furnished,Yes
40950.0,5600,2.0,2.7735190860333443,1.0,yes,no,no,no,yes,0.0,no,semi-furnished,Yes
45500.0,2550,,1.0,2.0,yes,no,yes,no,no,0.0,no,furnished,Yes
45500.0,5320,3.0,1.0,2.0,yes,yes,yes,no,no,0.0,yes,semi-furnished,Yes
28525.0,5200,4.0,1.0,3.0,yes,no,no,no,no,0.0,no,unfurnished,Yes
32900.0,2145,3.0,1.0,2.0,yes,no,yes,,no,0.0,yes,furnished,Yes
92400.0,,3.0,2.0,2.0,yes,no,no,no,no,0.0,yes,semi-furnished,Yes
52850.0,,2.0,2.0,1.0,yes,no,no,no,yes,2.0,no,semi-furnished,Yes
78750.0,6550,3.0,1.0,2.0,yes,no,yes,no,yes,0.0,yes,furnished,Yes
58100.0,5828,4.0,1.0,4.0,yes,yes,no,no,no,0.0,no,semi-furnished,Yes
43400.0,3500,4.0,1.0,2.0,yes,no,no,no,no,2.0,no,furnished,Yes
29400.0,3150,3.0,1.0,2.0,no,no,no,no,no,0.0,no,unfurnished,Yes
80430.0,7482,3.0,,3.0,yes,no,no,yes,no,1.0,yes,furnished,Yes
46900.0,4320,3.0,1.0,1.0,yes,no,no,no,no,-1.9077761297792797,yes,semi-furnished,Yes
61250.0,6420,3.0,1.0,3.0,yes,no,yes,no,no,0.0,yes,unfurnished,Yes
34650.0,5320,2.0,1.0,1.0,yes,no,no,no,no,1.0,yes,unfurnished,Yes
48300.0,4815,2.0,,1.0,yes,no,no,no,yes,0.0,yes,semi-furnished,Yes
79625.0,6000,3.0,1.0,4.0,yes,yes,no,no,yes,,no,unfurnished,Yes
42350.0,6650,3.0,1.0,2.0,,yes,no,no,no,0.0,no,semi-furnished,Yes
74900.0,6600,3.0,1.0,4.0,yes,no,no,no,yes,3.0,yes,furnished,Yes
46900.0,5400,2.0,1.0,2.0,yes,no,no,no,,0.0,yes,semi-furnished,Yes
45500.0,3760,3.0,1.0,1.0,yes,no,no,no,no,2.0,no,semi-furnished,Yes
32550.0,3930,2.0,1.0,1.0,,no,no,no,no,0.0,no,unfurnished,Yes
33600.0,3100,3.0,1.0,2.0,no,no,,no,no,0.0,no,semi-furnished,Yes
30800.0,2160,3.0,1.0,2.0,no,no,yes,no,no,0.0,no,semi-furnished,Yes
34300.0,1950,3.0,2.0,2.0,yes,no,yes,no,no,0.0,yes,unfurnished,Yes
79100.0,6000,4.0,,4.0,yes,no,no,no,yes,1.0,no,,Yes
56000.0,5500A,3.0,2.0,2.0,yes,no,no,no,no,1.0,no,semi-furnished,Yes
28000.0,2650,3.0,1.0,2.0,yes,no,yes,no,no,1.0,no,unfurnished,Yes
31150.0,3500,2.0,1.0,1.0,yes,no,no,no,no,0.0,no,unfurnished,Yes
36400.0,2275,3.0,1.0,3.0,yes,no,,yes,yes,0.0,yes,semi-furnished,Yes
32900.0,5880,3.0,1.0,1.0,yes,no,,no,no,1.0,no,unfurnished,Yes
33600.0,3500,-51.816138966744944,1.0,2.0,yes,no,no,no,yes,2.0,no,unfurnished,Yes
42350.0,2787,3.0,1.0,1.0,yes,no,yes,no,no,0.0,yes,furnished,Yes
42000.0,3640,3.0,2.0,2.0,,no,yes,no,,0.0,no,unfurnished,Yes
40250.0,3630,3.0,2.0,2.0,yes,no,no,yes,no,2.0,no,semi-furnished,Yes
75250.0,6000,3.0,2.0,4.0,,no,no,no,yes,1.0,no,furnished,Yes
46900.0,4320,3.0,1.0,1.0,yes,no,no,no,no,-1.9077761297792797,yes,semi-furnished,Yes
31150.0,3850,3.0,1.0,2.0,yes,no,no,no,no,0.0,no,unfurnished,Yes
114100.0,7420,4.0,1.0,2.0,yes,yes,yes,no,yes,2.0,no,furnished,Yes
44800.0,5885,2.0,1.0,1.0,yes,no,no,no,yes,1.0,no,unfurnished,Yes
66850.0,6600,2.0,2.0,4.0,yes,no,yes,no,no,0.0,yes,furnished,Yes
50400.0,6600,3.0,1.0,1.0,yes,yes,yes,no,no,0.0,yes,furnished,Yes
36330.0,3520,3.0,1.0,1.0,yes,no,no,no,no,2.0,yes,unfurnished,Yes
48930.0,3420,4.0,2.0,2.0,yes,no,yes,no,yes,2.0,no,semi-furnished,Yes
17671.5,2400,3.0,1.0,1.0,no,no,no,no,no,0.0,no,semi-furnished,Yes
35000.0,3600,60.09621786220845,1.0,2.0,yes,no,no,no,no,1.0,no,unfurnished,Yes
38500.0,4080,2.0,1.0,1.0,yes,no,no,no,no,0.0,,semi-furnished,Yes
77000.0,6000,4.0,2.0,4.0,yes,no,no,no,no,2.0,no,semi-furnished,
33950.0,3640,2.0,1.0,1.0,yes,,no,no,no,0.0,no,furnished,Yes
42000.0,2610,4.0,3.0,2.0,no,no,no,no,no,0.0,no,,Yes
18900.0,1700,3.0,1.0,2.0,yes,no,no,no,no,0.0,no,unfurnished,Yes
47670.0,3420,4.0,2.0,2.0,yes,no,no,no,no,0.0,no,semi-furnished,Yes
33600.0,4960,4.0,1.0,3.0,no,no,no,no,no,0.0,no,semi-furnished,Yes
49000.0,4120,2.0,1.0,1.0,yes,,yes,no,no,1.0,no,semi-furnished,Yes
45500.0,8400,4.0,1.0,4.0,yes,no,,no,no,3.0,no,unfurnished,Yes
85750.0,8800,3.0,2.0,2.0,yes,no,no,no,,2.0,no,furnished,Yes
48930.0,4995,4.0,2.0,-0.7931247123931777,yes,no,yes,no,no,0.0,no,semi-furnished,Yes
88900.0,4600,3.0,2.0,2.0,yes,yes,no,no,yes,2.0,no,furnished,Yes
26530.0,4000,3.0,1.0,2.0,yes,no,no,no,yes,0.0,no,unfurnished,Yes
33250.0,4775,4.0,1.0,2.0,yes,no,no,,no,0.0,no,unfurnished,Yes
66500.0,,3.0,2.0,3.0,yes,yes,no,no,yes,0.0,no,furnished,Yes
52500.0,8400,,1.0,2.0,yes,yes,yes,no,yes,2.0,yes,unfurnished,Yes
24500.0,3210,3.0,1.0,2.0,yes,no,yes,no,no,0.0,,,Yes
32900.0,3792,4.0,1.0,2.0,yes,no,no,no,no,0.0,,semi-furnished,
28350.0,4350,3.0,1.0,2.0,no,no,,,no,1.0,no,unfurnished,
